soc,soc_title,diff_logs,sum_reasoning_ability,sum_knowledge
111011,Chief Executives,0.38737900864448,0.746,0.506363636363636
111021,General and Operations Managers,0.237937762669483,0.65,0.512363636363636
112011,Advertising and Promotions Managers,0.330447333000013,0.692,0.497272727272727
112021,Marketing Managers,0.371829976697223,0.716666666666667,0.494121212121212
112022,Sales Managers,0.406395773601117,0.716666666666667,0.477333333333333
112031,Public Relations and Fundraising Managers,0.433267819757063,0.700666666666667,0.45430303030303
113011,Administrative Services Managers,0.303170703138358,0.649333333333333,0.479515151515152
113021,Computer and Information Systems Managers,0.528193201673896,0.733333333333333,0.432424242424242
113031,Financial Managers,0.669713273610505,0.783333333333333,0.400939393939394
113051,Industrial Production Managers,0.306261804079405,0.722333333333333,0.532646464646465
113061,Purchasing Managers,0.345056886323488,0.692,0.490060606060606
113071,"Transportation, Storage, and Distribution Managers",0.271797797453866,0.694666666666667,0.528747474747475
113111,Compensation and Benefits Managers,0.467985465089498,0.642,0.402060606060606
113121,Human Resources Managers,0.420958850179957,0.725333333333333,0.476121212121212
113131,Training and Development Managers,0.426683911754154,0.717333333333333,0.468181818181818
119013,"Farmers, Ranchers, and Other Agricultural Managers",0.230234303632927,0.683777777777778,0.542040404040404
119021,Construction Managers,0.28790491367833,0.725333333333333,0.543878787878788
119031,"Education Administrators, Preschool and Childcare Center/Program",0.264190872559168,0.717333333333333,0.550787878787879
119032,"Education Administrators, Elementary and Secondary School",0.355805000430192,0.766,0.536666666666667
119033,"Education Administrators, Postsecondary",0.400366603436781,0.717333333333333,0.480666666666667
119039,"Education Administrators, All Other",0.378084235775099,0.696333333333333,0.477060606060606
119041,Architectural and Engineering Managers,0.416475340759467,0.763,0.503939393939394
119051,Food Service Managers,0.205468511382485,0.65,0.529272727272727
119061,Funeral Service Managers,0.193727885672938,0.616666666666667,0.508060606060606
119071,Gaming Managers,0.399674752216042,0.725333333333333,0.486363636363636
119081,Lodging Managers,0.184378112788714,0.708,0.588787878787879
119111,Medical and Health Services Managers,0.404013667084944,0.709333333333333,0.473575757575758
119121,Natural Sciences Managers,0.447007545676261,0.731111111111111,0.469535353535354
119131,Postmasters and Mail Superintendents,0.296340385912921,0.700666666666667,0.520969696969697
119141,"Property, Real Estate, and Community Association Managers",0.279451573315266,0.674666666666667,0.510181818181818
119151,Social and Community Service Managers,0.288922642118841,0.700666666666667,0.524848484848485
119161,Emergency Management Directors,0.277668946592888,0.716666666666667,0.542909090909091
119199,"Managers, All Other",0.376224725258911,0.719555555555556,0.49440404040404
131011,"Agents and Business Managers of Artists, Performers, and Athletes",0.434408484147653,0.666,0.431333333333333
131031,"Claims Adjusters, Examiners, and Investigators",0.439248946583574,0.720666666666667,0.465606060606061
131032,"Insurance Appraisers, Auto Damage",0.411463926337418,0.608,0.402909090909091
131041,Compliance Officers,0.395827880499654,0.708222222222222,0.477909090909091
131051,Cost Estimators,0.482632782161651,0.792,0.488787878787879
131071,Human Resources Specialists,0.451528328912122,0.625333333333333,0.398121212121212
131074,Farm Labor Contractors,0.132777592178427,0.516666666666667,0.452424242424242
131075,Labor Relations Specialists,0.402865958090151,0.675333333333333,0.451393939393939
131081,Logisticians,0.432766709336903,0.752666666666667,0.488343434343434
131111,Management Analysts,0.391541885886732,0.741333333333333,0.501151515151515
131121,"Meeting, Convention, and Event Planners",0.347073688498584,0.7,0.494727272727273
131131,Fundraisers,0.478502652303366,0.666,0.412727272727273
131141,"Compensation, Benefits, and Job Analysis Specialists",0.368163617214093,0.675333333333333,0.467333333333333
131151,Training and Development Specialists,0.427095561160369,0.684,0.446242424242424
131161,Market Research Analysts and Marketing Specialists,0.492936526222083,0.766666666666667,0.46830303030303
131199,"Business Operations Specialists, All Other",0.335937557113088,0.682111111111111,0.487707070707071
132011,Accountants and Auditors,0.685567756604289,0.779666666666667,0.393333333333333
132021,Appraisers and Assessors of Real Estate,0.454235188142532,0.699666666666667,0.444151515151515
132031,Budget Analysts,0.644121452065641,0.784,0.41169696969697
132041,Credit Analysts,0.676196279642609,0.758666666666667,0.385818181818182
132051,Financial Analysts,0.510018216411185,0.775333333333333,0.465575757575758
132052,Personal Financial Advisors,0.605701493031458,0.767333333333333,0.418727272727273
132053,Insurance Underwriters,0.537625663474666,0.675333333333333,0.394484848484849
132061,Financial Examiners,0.783359643292601,0.782666666666667,0.357575757575758
132071,Credit Counselors,0.53482016346706,0.729333333333333,0.427060606060606
132072,Loan Officers,0.523163580743906,0.716666666666667,0.424727272727273
132081,"Tax Examiners and Collectors, and Revenue Agents",0.5062904686006,0.733333333333333,0.442
132082,Tax Preparers,0.521376282599607,0.683333333333333,0.40569696969697
132099,"Financial Specialists, All Other",0.531196929964401,0.761555555555556,0.448787878787879
151111,Computer and Information Research Scientists,0.501507053005514,0.774666666666667,0.469151515151515
151121,Computer Systems Analysts,0.497349123205471,0.729333333333333,0.449787878787879
151122,Information Security Analysts,0.481656889175334,0.716666666666667,0.442727272727273
151131,Computer Programmers,0.49612509986674,0.708,0.431090909090909
151132,"Software Developers, Applications",0.685505488223495,0.742666666666667,0.374181818181818
151133,"Software Developers, Systems Software",0.476358309281967,0.708,0.43969696969697
151134,Web Developers,0.583691166811297,0.7,0.390484848484849
151141,Database Administrators,0.517084025954413,0.725333333333333,0.432484848484848
151142,Network and Computer Systems Administrators,0.460867997320634,0.7,0.441515151515152
151143,Computer Network Architects,0.395334040207189,0.687333333333333,0.462060606060606
151151,Computer User Support Specialists,0.476336244306919,0.641333333333333,0.39830303030303
151152,Computer Network Support Specialists,0.473916460117177,0.667333333333333,0.415454545454545
151199,"Computer Occupations, All Other",0.512834551125178,0.707111111111111,0.425515151515152
152011,Actuaries,0.735825817615108,0.841333333333333,0.403090909090909
152021,Mathematicians,0.704727715648601,0.858,0.424060606060606
152031,Operations Research Analysts,0.731858045880673,0.874666666666667,0.420727272727273
152041,Statisticians,0.74125084836691,0.816444444444444,0.389090909090909
171011,"Architects, Except Landscape and Naval",0.26884793180648,0.758666666666667,0.579818181818182
171012,Landscape Architects,0.16788087263916,0.7,0.591818181818182
171021,Cartographers and Photogrammetrists,0.457363763744599,0.674666666666667,0.427030303030303
171022,Surveyors,0.411538827383013,0.787666666666667,0.52239393939394
172011,Aerospace Engineers,0.546898556864931,0.792,0.458363636363636
172021,Agricultural Engineers,0.274644897299307,0.766666666666667,0.582545454545455
172031,Biomedical Engineers,0.399967198046238,0.808,0.541636363636364
172041,Chemical Engineers,0.424937211520985,0.792,0.517818181818182
172051,Civil Engineers,0.398188590446355,0.8,0.537242424242424
172061,Computer Hardware Engineers,0.510137155580449,0.733333333333333,0.44030303030303
172071,Electrical Engineers,0.471425860426349,0.742,0.463090909090909
172072,"Electronics Engineers, Except Computer",0.409146248270431,0.750333333333333,0.497969696969697
172081,Environmental Engineers,0.396644937059851,0.775333333333333,0.521424242424243
172111,"Health and Safety Engineers, Except Mining Safety Engineers and Inspectors",0.299211252769173,0.747333333333333,0.554767676767677
172112,Industrial Engineers,0.401551441215074,0.745666666666667,0.499727272727273
172121,Marine Engineers and Naval Architects,0.434208666001052,0.783333333333333,0.507454545454545
172131,Materials Engineers,0.447980992930594,0.783333333333333,0.500484848484848
172141,Mechanical Engineers,0.43876025627459,0.772666666666667,0.499555555555556
172151,"Mining and Geological Engineers, Including Mining Safety Engineers",0.470799783251718,0.792,0.494606060606061
172161,Nuclear Engineers,0.45484635602409,0.766666666666667,0.486484848484848
172171,Petroleum Engineers,0.47160491061271,0.75,0.468
172199,"Engineers, All Other",0.435102913999179,0.764545454545455,0.495333333333333
173011,Architectural and Civil Drafters,0.290621225630942,0.653666666666667,0.489515151515152
173012,Electrical and Electronics Drafters,0.341502343646798,0.621,0.445424242424242
173013,Mechanical Drafters,0.295992283043158,0.649333333333333,0.482969696969697
173021,Aerospace Engineering and Operations Technicians,0.453313674489819,0.717333333333333,0.455878787878788
173022,Civil Engineering Technicians,0.335428224911756,0.742666666666667,0.531030303030303
173023,Electrical and Electronics Engineering Technicians,0.468760257906696,0.691666666666667,0.432939393939394
173024,Electro-Mechanical Technicians,0.531873550576533,0.703666666666667,0.414181818181818
173025,Environmental Engineering Technicians,0.42343553061959,0.733333333333333,0.480181818181818
173026,Industrial Engineering Technicians,0.4660871751535,0.741333333333333,0.465151515151515
173027,Mechanical Engineering Technicians,0.393340073117906,0.712666666666667,0.481151515151515
173029,"Engineering Technicians, Except Drafters, All Other",0.383707003307691,0.697818181818182,0.475735537190083
173031,Surveying and Mapping Technicians,0.392066585318658,0.674666666666667,0.459
191011,Animal Scientists,0.312277193088455,0.766666666666667,0.561030303030303
191012,Food Scientists and Technologists,0.378684995058525,0.741333333333333,0.507636363636364
191013,Soil and Plant Scientists,0.418642458373967,0.75,0.493454545454546
191020,Biological Scientists,0.481708225195264,0.8,0.494181818181818
191021,Biochemists and Biophysicists,0.552885242206596,0.816666666666667,0.469818181818182
191022,Microbiologists,0.513792984993793,0.75,0.448666666666667
191023,Zoologists and Wildlife Biologists,0.436776685231932,0.733333333333333,0.473818181818182
191029,"Biological Scientists, All Other",0.582993344997101,0.808444444444444,0.452020202020202
191031,Conservation Scientists,0.268284393072523,0.688888888888889,0.525131313131313
191032,Foresters,0.315603372894178,0.700666666666667,0.511030303030303
191041,Epidemiologists,0.572002797200857,0.8,0.451515151515152
191042,"Medical Scientists, Except Epidemiologists",0.435659756496369,0.758,0.49030303030303
192011,Astronomers,0.645885243314136,0.824,0.431939393939394
192012,Physicists,0.636222073612941,0.866,0.458363636363636
192021,Atmospheric and Space Scientists,0.448875910200576,0.734,0.468545454545455
192031,Chemists,0.569903449936074,0.792,0.447939393939394
192032,Materials Scientists,0.448141587922219,0.766666666666667,0.489757575757576
192041,"Environmental Scientists and Specialists, Including Health",0.418338249351379,0.741833333333333,0.488621212121212
192042,"Geoscientists, Except Hydrologists and Geographers",0.494644163847776,0.791333333333333,0.482545454545455
192043,Hydrologists,0.48238866166205,0.776,0.479030303030303
192099,"Physical Scientists, All Other",0.549309234908345,0.8,0.461878787878788
193011,Economists,0.666569322582984,0.796,0.408727272727273
193022,Survey Researchers,0.618171640914505,0.808,0.435454545454545
193031,"Clinical, Counseling, and School Psychologists",0.429772870105804,0.7,0.455373737373737
193032,Industrial-Organizational Psychologists,0.505167900046132,0.783333333333333,0.472666666666667
193039,"Psychologists, All Other",0.53917499622615,0.824666666666667,0.480969696969697
193041,Sociologists,0.49425846886228,0.708666666666667,0.43230303030303
193051,Urban and Regional Planners,0.295552410574294,0.708666666666667,0.527333333333333
193091,Anthropologists and Archeologists,0.392205687488322,0.745333333333333,0.503515151515152
193092,Geographers,0.417646438187084,0.733333333333333,0.482969696969697
193093,Historians,0.275672037594249,0.625333333333333,0.474666666666667
193094,Political Scientists,0.510796430521305,0.692,0.415212121212121
193099,"Social Scientists and Related Workers, All Other",0.373478825218232,0.725333333333333,0.499272727272727
194011,Agricultural and Food Science Technicians,0.323953369930169,0.670666666666667,0.485969696969697
194021,Biological Technicians,0.612984599951576,0.7,0.379212121212121
194031,Chemical Technicians,0.69852960522188,0.7,0.348121212121212
194041,Geological and Petroleum Technicians,0.385797210579913,0.646,0.437878787878788
194051,Nuclear Technicians,0.518574856117149,0.737333333333333,0.440333333333333
194061,Social Science Research Assistants,0.383988304713189,0.649666666666667,0.445212121212121
194091,"Environmental Science and Protection Technicians, Including Health",0.272897199516168,0.708,0.538909090909091
194092,Forensic Science Technicians,0.412936286617032,0.724666666666667,0.479515151515152
194093,Forest and Conservation Technicians,0.22692720408558,0.666,0.530787878787879
194099,"Life, Physical, and Social Science Technicians, All Other",0.422877914688524,0.708,0.464040404040404
211012,"Educational, Guidance, School, and Vocational Counselors",0.48654947099939,0.684,0.420484848484849
211013,Marriage and Family Therapists,0.391965727055214,0.666666666666667,0.450484848484849
211015,Rehabilitation Counselors,0.260789747095033,0.65,0.500787878787879
211021,"Child, Family, and School Social Workers",0.324672419856517,0.658666666666667,0.476060606060606
211022,Healthcare Social Workers,0.309370112385492,0.666666666666667,0.489272727272727
211023,Mental Health and Substance Abuse Social Workers,0.364123767951723,0.7,0.486363636363636
211091,Health Educators,0.180886185995275,0.641333333333333,0.535212121212121
211092,Probation Officers and Correctional Treatment Specialists,0.377877151589335,0.658666666666667,0.451393939393939
211093,Social and Human Service Assistants,0.364256849454102,0.608666666666667,0.422848484848485
211094,Community Health Workers,0.269663566949103,0.633333333333333,0.483636363636364
212011,Clergy,0.297089309908248,0.675333333333333,0.501757575757576
212021,"Directors, Religious Activities and Education",0.287367121738964,0.641333333333333,0.481151515151515
231011,Lawyers,0.48772521847382,0.708,0.434727272727273
231012,Judicial Law Clerks,0.607970819516045,0.666666666666667,0.362969696969697
231021,"Administrative Law Judges, Adjudicators, and Hearing Officers",0.527832983243047,0.708,0.417636363636364
231022,"Arbitrators, Mediators, and Conciliators",0.527324623146026,0.666666666666667,0.393454545454545
231023,"Judges, Magistrate Judges, and Magistrates",0.572436476364484,0.732666666666667,0.413333333333333
232011,Paralegals and Legal Assistants,0.430367892222625,0.584,0.379757575757576
232091,Court Reporters,0.212743276696421,0.5,0.404181818181818
232093,"Title Examiners, Abstractors, and Searchers",0.554861299287896,0.591333333333333,0.339515151515152
251011,"Business Teachers, Postsecondary",0.357343616648368,0.725333333333333,0.507393939393939
251021,"Computer Science Teachers, Postsecondary",0.262102385952282,0.717333333333333,0.551939393939394
251022,"Mathematical Science Teachers, Postsecondary",0.721345894875157,0.808666666666667,0.393090909090909
251031,"Architecture Teachers, Postsecondary",0.253879699247841,0.733333333333333,0.568909090909091
251032,"Engineering Teachers, Postsecondary",0.368901436800301,0.767333333333333,0.530606060606061
251041,"Agricultural Sciences Teachers, Postsecondary",0.25986326235081,0.733333333333333,0.565515151515152
251042,"Biological Science Teachers, Postsecondary",0.367288860327656,0.741333333333333,0.513454545454546
251043,"Forestry and Conservation Science Teachers, Postsecondary",0.331798187597864,0.716666666666667,0.51430303030303
251051,"Atmospheric, Earth, Marine, and Space Sciences Teachers, Postsecondary",0.400842480923823,0.758666666666667,0.508121212121212
251052,"Chemistry Teachers, Postsecondary",0.337475413431643,0.725333333333333,0.517575757575758
251053,"Environmental Science Teachers, Postsecondary",0.304167773871058,0.741333333333333,0.546909090909091
251054,"Physics Teachers, Postsecondary",0.478978491006434,0.776,0.480666666666667
251061,"Anthropology and Archeology Teachers, Postsecondary",0.248474504134879,0.709333333333333,0.553272727272727
251062,"Area, Ethnic, and Cultural Studies Teachers, Postsecondary",0.298509861992568,0.624666666666667,0.463454545454546
251063,"Economics Teachers, Postsecondary",0.54634856098414,0.734,0.425030303030303
251064,"Geography Teachers, Postsecondary",0.413220580292813,0.674666666666667,0.44630303030303
251065,"Political Science Teachers, Postsecondary",0.312913550742919,0.6,0.438787878787879
251066,"Psychology Teachers, Postsecondary",0.354334164561136,0.709333333333333,0.49769696969697
251067,"Sociology Teachers, Postsecondary",0.263965545834465,0.666666666666667,0.512
251071,"Health Specialties Teachers, Postsecondary",0.224203710004577,0.700666666666667,0.559939393939394
251072,"Nursing Instructors and Teachers, Postsecondary",0.273810052263015,0.717333333333333,0.545515151515152
251081,"Education Teachers, Postsecondary",0.349941264636645,0.658666666666667,0.464181818181818
251082,"Library Science Teachers, Postsecondary",0.356895526927488,0.667333333333333,0.467030303030303
251111,"Criminal Justice and Law Enforcement Teachers, Postsecondary",0.21426212266569,0.642,0.518181818181818
251112,"Law Teachers, Postsecondary",0.406453738935104,0.674666666666667,0.449333333333333
251113,"Social Work Teachers, Postsecondary",0.376079782335482,0.692,0.475090909090909
251121,"Art, Drama, and Music Teachers, Postsecondary",0.157162254193946,0.608,0.519575757575758
251122,"Communications Teachers, Postsecondary",0.262727966962862,0.65,0.499818181818182
251123,"English Language and Literature Teachers, Postsecondary",0.271177202159115,0.650666666666667,0.496121212121212
251124,"Foreign Language and Literature Teachers, Postsecondary",0.371942416069521,0.6,0.413636363636364
251125,"History Teachers, Postsecondary",0.276689557637485,0.650666666666667,0.493393939393939
251126,"Philosophy and Religion Teachers, Postsecondary",0.428548783858473,0.658666666666667,0.429090909090909
251191,Graduate Teaching Assistants,0.25499242424359,0.566,0.438606060606061
251192,"Home Economics Teachers, Postsecondary",0.246392286469582,0.658,0.51430303030303
251193,"Recreation and Fitness Studies Teachers, Postsecondary",0.256300865896451,0.666666666666667,0.515939393939394
251194,"Vocational Education Teachers, Postsecondary",0.0860098470460816,0.599333333333333,0.549939393939394
252011,"Preschool Teachers, Except Special Education",0.329494182964768,0.592,0.425818181818182
252012,"Kindergarten Teachers, Except Special Education",0.189929453630739,0.617333333333333,0.510545454545455
252021,"Elementary School Teachers, Except Special Education",0.441145970936209,0.725333333333333,0.466606060606061
252022,"Middle School Teachers, Except Special and Career/Technical Education",0.234652629759153,0.667333333333333,0.527757575757576
252023,"Career/Technical Education Teachers, Middle School",0.246895110950149,0.692,0.540606060606061
252031,"Secondary School Teachers, Except Special and Career/Technical Education",0.336027206403163,0.708,0.505939393939394
252032,"Career/Technical Education Teachers, Secondary School",0.224768247041212,0.7,0.559090909090909
252051,"Special Education Teachers, Preschool",0.324181421861859,0.642,0.464242424242424
252052,"Special Education Teachers, Kindergarten and Elementary School",0.331412332282927,0.666666666666667,0.478606060606061
252053,"Special Education Teachers, Middle School",0.368445854268558,0.700666666666667,0.484727272727273
252054,"Special Education Teachers, Secondary School",0.237966480205848,0.692,0.545454545454545
252059,"Special Education Teachers, All Other",0.322511629287929,0.617333333333333,0.447151515151515
253011,Adult Basic and Secondary Education and Literacy Teachers and Instructors,0.481492006252496,0.642,0.396666666666667
253021,Self-Enrichment Education Teachers,0.318453731118535,0.541333333333333,0.39369696969697
254011,Archivists,0.305936560886323,0.608666666666667,0.448242424242424
254012,Curators,0.370573647799313,0.700666666666667,0.48369696969697
254013,Museum Technicians and Conservators,0.227980160322439,0.574666666666667,0.457515151515152
254021,Librarians,0.281005843553037,0.633333333333333,0.478181818181818
254031,Library Technicians,0.249207084728559,0.525333333333333,0.409454545454545
259011,Audio-Visual and Multimedia Collections Specialists,0.0975167889105841,0.574666666666667,0.521272727272727
259021,Farm and Home Management Advisors,0.288020081581246,0.717333333333333,0.537818181818182
259031,Instructional Coordinators,0.309897232393627,0.679333333333333,0.498515151515152
259041,Teacher Assistants,0.219460090547035,0.517333333333333,0.415393939393939
271011,Art Directors,0.333938862957993,0.683333333333333,0.489333333333333
271012,Craft Artists,0.228364359344153,0.558666666666667,0.444606060606061
271013,"Fine Artists, Including Painters, Sculptors, and Illustrators",0.0892938316181795,0.541333333333333,0.495090909090909
271014,Multimedia Artists and Animators,0.293811827181606,0.641333333333333,0.478060606060606
271021,Commercial and Industrial Designers,0.266920081003352,0.658666666666667,0.504363636363636
271022,Fashion Designers,0.529711406938596,0.667333333333333,0.392909090909091
271023,Floral Designers,0.276759389930572,0.55,0.417030303030303
271024,Graphic Designers,0.214303625130377,0.558,0.450363636363636
271025,Interior Designers,0.205508527877425,0.675333333333333,0.549878787878788
271026,Merchandise Displayers and Window Trimmers,0.343863446643903,0.558,0.395636363636364
271027,Set and Exhibit Designers,0.233091662709614,0.682666666666667,0.540727272727273
272011,Actors,0.0332247389739784,0.450666666666667,0.435939393939394
272012,Producers and Directors,0.35155144893262,0.665066666666667,0.468787878787879
272021,Athletes and Sports Competitors,0.184166008592602,0.592,0.492424242424242
272022,Coaches and Scouts,0.28194873374368,0.65,0.49030303030303
272023,"Umpires, Referees, and Other Sports Officials",0.49599222447189,0.584,0.355636363636364
272031,Dancers,0.0922935862648993,0.441333333333333,0.402424242424242
272032,Choreographers,0.310001056388328,0.608666666666667,0.446424242424242
272041,Music Directors and Composers,0.225508385000747,0.579666666666667,0.463939393939394
272042,Musicians and Singers,0.16321288220577,0.5,0.424393939393939
273011,Radio and Television Announcers,0.16111860210731,0.567333333333333,0.482909090909091
273012,Public Address System and Other Announcers,0.226379052172358,0.525333333333333,0.418909090909091
273021,Broadcast News Analysts,0.261892120927087,0.667333333333333,0.513575757575758
273022,Reporters and Correspondents,0.241889594135265,0.583333333333333,0.458
273031,Public Relations Specialists,0.299017914203585,0.632666666666667,0.469151515151515
273041,Editors,0.289299541465962,0.6,0.449272727272727
273042,Technical Writers,0.289331432436575,0.600666666666667,0.449757575757576
273043,Writers and Authors,0.347057905311327,0.579333333333333,0.409454545454545
273091,Interpreters and Translators,0.0522837203516432,0.541333333333333,0.513757575757576
274011,Audio and Video Equipment Technicians,0.15742877418509,0.583333333333333,0.498363636363636
274012,Broadcast Technicians,0.348804003330754,0.599333333333333,0.422848484848485
274013,Radio Operators,0.199364359548096,0.566666666666667,0.464242424242424
274014,Sound Engineering Technicians,0.0920176086265591,0.566,0.516242424242424
274021,Photographers,0.21397345712869,0.549333333333333,0.443515151515152
274031,"Camera Operators, Television, Video, and Motion Picture",0.208522367043123,0.549333333333333,0.445939393939394
274032,Film and Video Editors,0.0844284249695099,0.566666666666667,0.520787878787879
291011,Chiropractors,0.280836867547228,0.7,0.528606060606061
291021,"Dentists, General",0.397209085698981,0.749333333333333,0.50369696969697
291022,Oral and Maxillofacial Surgeons,0.271218521763566,0.725333333333333,0.553030303030303
291023,Orthodontists,0.351739708752001,0.7,0.492424242424242
291024,Prosthodontists,0.21749478004112,0.666,0.535818181818182
291031,Dietitians and Nutritionists,0.283080077902856,0.692,0.521393939393939
291041,Optometrists,0.357807905134616,0.749333333333333,0.523939393939394
291051,Pharmacists,0.438609980080625,0.742666666666667,0.478969696969697
291061,Anesthesiologists,0.51872261606439,0.783333333333333,0.46630303030303
291062,Family and General Practitioners,0.358709152059207,0.741333333333333,0.517878787878788
291063,"Internists, General",0.337506195807321,0.750666666666667,0.535636363636364
291064,Obstetricians and Gynecologists,0.2647611820145,0.749333333333333,0.575030303030303
291065,"Pediatricians, General",0.404917612885071,0.774666666666667,0.516727272727273
291066,Psychiatrists,0.381195306579404,0.741333333333333,0.506363636363636
291067,Surgeons,0.263544758956807,0.75,0.576242424242424
291069,"Physicians and Surgeons, All Other",0.403979632371215,0.759388888888889,0.508575757575758
291071,Physician Assistants,0.39762990504827,0.733333333333333,0.493515151515152
291081,Podiatrists,0.30984665646579,0.732666666666667,0.537454545454545
291122,Occupational Therapists,0.335609776915035,0.641333333333333,0.459030303030303
291123,Physical Therapists,0.279714829586234,0.692,0.523151515151515
291124,Radiation Therapists,0.254244211464438,0.633333333333333,0.491151515151515
291125,Recreational Therapists,0.276714257137047,0.649777777777778,0.492606060606061
291126,Respiratory Therapists,0.405169443811698,0.717333333333333,0.478363636363636
291127,Speech-Language Pathologists,0.468395609329304,0.708,0.443212121212121
291128,Exercise Physiologists,0.454877959422511,0.725333333333333,0.460242424242424
291131,Veterinarians,0.359177371662751,0.741333333333333,0.517636363636364
291141,Registered Nurses,0.335068354033285,0.721733333333333,0.516557575757576
291151,Nurse Anesthetists,0.305582378078331,0.733333333333333,0.540242424242424
291161,Nurse Midwives,0.323704924701163,0.716,0.518
291171,Nurse Practitioners,0.303004295602321,0.749333333333333,0.553454545454545
291181,Audiologists,0.376639922075434,0.725333333333333,0.49769696969697
291199,"Health Diagnosing and Treating Practitioners, All Other",0.338298921955416,0.683333333333333,0.487171717171717
292021,Dental Hygienists,0.187614130159724,0.558,0.462545454545455
292031,Cardiovascular Technologists and Technicians,0.419344871372702,0.657333333333333,0.432181818181818
292032,Diagnostic Medical Sonographers,0.233829739820226,0.608666666666667,0.481757575757576
292033,Nuclear Medicine Technologists,0.30483639501607,0.674666666666667,0.497393939393939
292034,Radiologic Technologists,0.173618281665653,0.624,0.524545454545455
292035,Magnetic Resonance Imaging Technologists,0.218618319195591,0.608,0.488606060606061
292041,Emergency Medical Technicians and Paramedics,0.20644165738894,0.708,0.575939393939394
292051,Dietetic Technicians,0.414431155893235,0.624666666666667,0.412727272727273
292052,Pharmacy Technicians,0.359824121594403,0.633333333333333,0.441939393939394
292053,Psychiatric Technicians,0.397628759778848,0.624,0.419272727272727
292054,Respiratory Therapy Technicians,0.235525018555863,0.692,0.546787878787879
292055,Surgical Technologists,0.274718337610727,0.566666666666667,0.430545454545455
292056,Veterinary Technologists and Technicians,0.38173990393964,0.709333333333333,0.484242424242424
292057,Ophthalmic Medical Technicians,0.360327340022384,0.591333333333333,0.412424242424242
292061,Licensed Practical and Licensed Vocational Nurses,0.304406515392976,0.683333333333333,0.504
292071,Medical Records and Health Information Technicians,0.376468126179163,0.55,0.377454545454546
292081,"Opticians, Dispensing",0.310914653945369,0.616666666666667,0.451878787878788
292091,Orthotists and Prosthetists,0.216281377755329,0.717333333333333,0.577818181818182
292092,Hearing Aid Specialists,0.0644839225734999,0.592,0.555030303030303
292099,"Health Technologists and Technicians, All Other",0.330907146832679,0.631333333333333,0.453818181818182
299011,Occupational Health and Safety Specialists,0.262388507185586,0.75,0.576909090909091
299012,Occupational Health and Safety Technicians,0.207376504329343,0.709333333333333,0.576484848484849
299091,Athletic Trainers,0.231853622898839,0.658666666666667,0.522363636363636
299092,Genetic Counselors,0.455422647021085,0.749333333333333,0.475212121212121
299099,"Healthcare Practitioners and Technical Workers, All Other",0.218703328351475,0.667333333333333,0.536242424242424
311011,Home Health Aides,0.350091836470401,0.583333333333333,0.411030303030303
311013,Psychiatric Aides,0.407261617537471,0.624666666666667,0.41569696969697
311014,Nursing Assistants,0.139601981647934,0.549333333333333,0.477757575757576
311015,Orderlies,0.342631096890197,0.509333333333333,0.361575757575758
312011,Occupational Therapy Assistants,0.218608396148819,0.583333333333333,0.468787878787879
312012,Occupational Therapy Aides,0.146412104944329,0.55,0.475090909090909
312021,Physical Therapist Assistants,0.191043978734328,0.566666666666667,0.468121212121212
312022,Physical Therapist Aides,0.132016290724073,0.525333333333333,0.460363636363636
319011,Massage Therapists,0.267144286990591,0.516,0.395030303030303
319091,Dental Assistants,0.234492243937662,0.574666666666667,0.454545454545455
319092,Medical Assistants,0.322805290698435,0.633333333333333,0.458606060606061
319093,Medical Equipment Preparers,0.215459649622295,0.55,0.443393939393939
319094,Medical Transcriptionists,0.404726744402112,0.533333333333333,0.355818181818182
319095,Pharmacy Aides,0.378598673677329,0.575333333333333,0.394
319096,Veterinary Assistants and Laboratory Animal Caretakers,0.251812363325318,0.591333333333333,0.45969696969697
319097,Phlebotomists,0.160595646502954,0.583333333333333,0.496787878787879
319099,"Healthcare Support Workers, All Other",0.293560305773216,0.595666666666667,0.443878787878788
331011,First-Line Supervisors of Correctional Officers,0.234910027921318,0.658,0.520242424242424
331012,First-Line Supervisors of Police and Detectives,0.256922799055402,0.692,0.535212121212121
331021,First-Line Supervisors of Fire Fighting and Prevention Workers,0.201172427283047,0.704666666666667,0.576060606060606
332011,Firefighters,0.106360474723793,0.612,0.551515151515152
332021,Fire Inspectors and Investigators,0.231166795080758,0.691666666666667,0.550212121212121
332022,Forest Fire Inspectors and Prevention Specialists,0.150934167762852,0.633333333333333,0.544606060606061
333011,Bailiffs,0.205869370371389,0.5,0.406969696969697
333012,Correctional Officers and Jailers,0.311504250583036,0.633333333333333,0.463818181818182
333021,Detectives and Criminal Investigators,0.37589205694784,0.716666666666667,0.493018181818182
333031,Fish and Game Wardens,0.188924237861118,0.683333333333333,0.56569696969697
333041,Parking Enforcement Workers,0.12512526488351,0.533333333333333,0.470606060606061
333051,Police and Sheriff's Patrol Officers,0.268280761133083,0.671,0.514030303030303
333052,Transit and Railroad Police,0.179249357756984,0.65,0.543333333333333
339011,Animal Control Workers,0.208837082953385,0.592,0.480424242424243
339021,Private Detectives and Investigators,0.419326975158192,0.7,0.460242424242424
339031,Gaming Surveillance Officers and Gaming Investigators,0.35804804660317,0.624666666666667,0.436666666666667
339032,Security Guards,0.291933521309139,0.533333333333333,0.39830303030303
339091,Crossing Guards,0.408851752925482,0.484,0.321575757575758
339092,"Lifeguards, Ski Patrol, and Other Recreational Protective Service Workers",0.153812711016574,0.508,0.435575757575758
339093,Transportation Security Screeners,0.486872382743498,0.6,0.368727272727273
339099,"Protective Service Workers, All Other",0.293192915639746,0.658,0.490787878787879
351011,Chefs and Head Cooks,0.289487100387159,0.683333333333333,0.511575757575758
351012,First-Line Supervisors of Food Preparation and Serving Workers,0.331285709933913,0.666666666666667,0.478666666666667
352011,"Cooks, Fast Food",0.283932536750302,0.484,0.364363636363636
352012,"Cooks, Institution and Cafeteria",0.295329703133669,0.591333333333333,0.440121212121212
352013,"Cooks, Private Household",0.280245988216642,0.541333333333333,0.409030303030303
352014,"Cooks, Restaurant",0.225687548436943,0.542666666666667,0.433030303030303
352015,"Cooks, Short Order",0.146174504427665,0.490666666666667,0.423939393939394
352021,Food Preparation Workers,0.100925918589961,0.5,0.452
353011,Bartenders,0.232415049265695,0.55,0.435939393939394
353021,"Combined Food Preparation and Serving Workers, Including Fast Food",0.0263715838743898,0.491333333333333,0.478545454545455
353022,"Counter Attendants, Cafeteria, Food Concession, and Coffee Shop",0.147644588777982,0.495333333333333,0.427969696969697
353031,Waiters and Waitresses,0.244187142103508,0.525333333333333,0.411515151515152
353041,"Food Servers, Nonrestaurant",0.181103929143866,0.517333333333333,0.431636363636364
359011,Dining Room and Cafeteria Attendants and Bartender Helpers,0.184440336863402,0.475333333333333,0.395272727272727
359021,Dishwashers,0.17132496032233,0.425333333333333,0.358363636363636
359031,"Hosts and Hostesses, Restaurant, Lounge, and Coffee Shop",0.182783130769378,0.525333333333333,0.437575757575758
371011,First-Line Supervisors of Housekeeping and Janitorial Workers,0.197842982004542,0.549333333333333,0.450727272727273
371012,"First-Line Supervisors of Landscaping, Lawn Service, and Groundskeeping Workers",0.190710453757096,0.592,0.489212121212121
372011,"Janitors and Cleaners, Except Maids and Housekeeping Cleaners",0.272622903768775,0.467333333333333,0.355818181818182
372012,Maids and Housekeeping Cleaners,0.20806444448709,0.482666666666667,0.392
372021,Pest Control Workers,0.42358912295731,0.658,0.430787878787879
373011,Landscaping and Groundskeeping Workers,0.167573700159399,0.466666666666667,0.394666666666667
373012,"Pesticide Handlers, Sprayers, and Applicators, Vegetation",0.18407710756704,0.566666666666667,0.471393939393939
373013,Tree Trimmers and Pruners,0.336081306201848,0.558,0.398727272727273
391021,First-Line Supervisors of Personal Service Workers,0.339678443069711,0.646,0.458818181818182
392011,Animal Trainers,0.218201684849731,0.541333333333333,0.435212121212121
392021,Nonfarm Animal Caretakers,0.258123270210236,0.533333333333333,0.412
393011,Gaming Dealers,0.442219577473009,0.592,0.380424242424242
393012,Gaming and Sports Book Writers and Runners,0.463644307337443,0.608,0.382424242424242
393021,Motion Picture Projectionists,0.157989964347271,0.458666666666667,0.391636363636364
393031,"Ushers, Lobby Attendants, and Ticket Takers",0.226295833264975,0.500666666666667,0.399272727272727
393091,Amusement and Recreation Attendants,0.275115220642979,0.508,0.385818181818182
393092,Costume Attendants,0.113720076612612,0.508,0.453393939393939
393093,"Locker Room, Coatroom, and Dressing Room Attendants",0.219990055864789,0.441333333333333,0.354181818181818
394011,Embalmers,0.045288281533696,0.566666666666667,0.541575757575758
394021,Funeral Attendants,0.19212615319972,0.500666666666667,0.413151515151515
394031,"Morticians, Undertakers, and Funeral Directors",0.0749244228798509,0.582666666666667,0.540606060606061
395011,Barbers,0.160680121453578,0.492,0.418969696969697
395012,"Hairdressers, Hairstylists, and Cosmetologists",0.354291152583456,0.558666666666667,0.392
395091,"Makeup Artists, Theatrical and Performance",0.247421323311164,0.566,0.441939393939394
395092,Manicurists and Pedicurists,0.102257332407311,0.433333333333333,0.391212121212121
395093,Shampooers,0.234128361652997,0.466,0.368727272727273
395094,Skincare Specialists,0.27667219710358,0.5,0.379151515151515
396011,Baggage Porters and Bellhops,0.175224029800987,0.517333333333333,0.434181818181818
396012,Concierges,0.200147956297085,0.566666666666667,0.463878787878788
399011,Childcare Workers,0.340645352776689,0.566333333333333,0.402606060606061
399021,Personal Care Aides,0.27040789150896,0.533333333333333,0.406969696969697
399031,Fitness Trainers and Aerobics Instructors,0.195435081408206,0.508,0.417818181818182
399032,Recreation Workers,0.172572442773783,0.566666666666667,0.476848484848485
399041,Residential Advisors,0.0730883358452726,0.566666666666667,0.526727272727273
411011,First-Line Supervisors of Retail Sales Workers,0.229430173211022,0.582666666666667,0.463212121212121
411012,First-Line Supervisors of Non-Retail Sales Workers,0.503037732316459,0.708,0.428121212121212
412011,Cashiers,0.38237515874686,0.576,0.392969696969697
412012,Gaming Change Persons and Booth Cashiers,0.532014778034789,0.608,0.357151515151515
412021,Counter and Rental Clerks,0.271825237965501,0.558666666666667,0.42569696969697
412022,Parts Salespersons,0.422272226424546,0.6,0.393333333333333
412031,Retail Salespersons,0.239742917917041,0.558666666666667,0.439575757575758
413011,Advertising Sales Agents,0.290348515682123,0.599333333333333,0.44830303030303
413021,Insurance Sales Agents,0.34258340945694,0.632666666666667,0.449151515151515
413031,"Securities, Commodities, and Financial Services Sales Agents",0.529887561986011,0.725333333333333,0.428121212121212
413041,Travel Agents,0.353361536023664,0.6,0.421393939393939
413099,"Sales Representatives, Services, All Other",0.558121954765042,0.75,0.429212121212121
414011,"Sales Representatives, Wholesale and Manufacturing, Technical and Scientific Products",0.287409055143192,0.633333333333333,0.475787878787879
414012,"Sales Representatives, Wholesale and Manufacturing, Except Technical and Scientific Products",0.289894857536836,0.566666666666667,0.424060606060606
419011,Demonstrators and Product Promoters,0.324998157489789,0.549333333333333,0.396909090909091
419012,Models,0.473658528050389,0.408666666666667,0.254484848484849
419021,Real Estate Brokers,0.261031819233712,0.65,0.500666666666667
419022,Real Estate Sales Agents,0.160916506702726,0.624666666666667,0.531818181818182
419031,Sales Engineers,0.46693348066853,0.725333333333333,0.454727272727273
419041,Telemarketers,0.269029786427201,0.450666666666667,0.344363636363636
419091,"Door-to-Door Sales Workers, News and Street Vendors, and Related Workers",0.307864830639581,0.516666666666667,0.379757575757576
431011,First-Line Supervisors of Office and Administrative Support Workers,0.427536125544087,0.658,0.429090909090909
432011,"Switchboard Operators, Including Answering Service",0.366299029314445,0.533333333333333,0.369757575757576
432021,Telephone Operators,0.355203273327276,0.517333333333333,0.362666666666667
433011,Bill and Account Collectors,0.381561295656102,0.558666666666667,0.381454545454545
433021,Billing and Posting Clerks,0.512726807904002,0.607666666666667,0.364060606060606
433031,"Bookkeeping, Accounting, and Auditing Clerks",0.567235654612759,0.666666666666667,0.378060606060606
433041,Gaming Cage Workers,0.516068348088544,0.641333333333333,0.382787878787879
433051,Payroll and Timekeeping Clerks,0.504576682861734,0.641333333333333,0.387212121212121
433061,Procurement Clerks,0.404283987723728,0.666666666666667,0.444969696969697
433071,Tellers,0.466938673410116,0.616,0.386181818181818
434011,Brokerage Clerks,0.485196531732495,0.632666666666667,0.389454545454546
434021,Correspondence Clerks,0.479812744732776,0.642,0.397333333333333
434031,"Court, Municipal, and License Clerks",0.345988859779722,0.558,0.397535353535354
434041,"Credit Authorizers, Checkers, and Clerks",0.381380456287031,0.596,0.408727272727273
434051,Customer Service Representatives,0.389961795338123,0.620333333333333,0.423212121212121
434061,"Eligibility Interviewers, Government Programs",0.399886293081125,0.65,0.435757575757576
434071,File Clerks,0.14778838644953,0.533333333333333,0.460060606060606
434081,"Hotel, Motel, and Resort Desk Clerks",0.211284307909102,0.575333333333333,0.465757575757576
434111,"Interviewers, Except Eligibility and Loan",0.368471921731153,0.55,0.380484848484848
434121,"Library Assistants, Clerical",0.234453756705796,0.517333333333333,0.409212121212121
434131,Loan Interviewers and Clerks,0.5583880406971,0.690666666666667,0.395151515151515
434141,New Accounts Clerks,0.39336245067925,0.624666666666667,0.421515151515152
434151,Order Clerks,0.26789351258077,0.591333333333333,0.452363636363636
434161,"Human Resources Assistants, Except Payroll and Timekeeping",0.380167961494344,0.55,0.376060606060606
434171,Receptionists and Information Clerks,0.347700455418694,0.558,0.394121212121212
434181,Reservation and Transportation Ticket Agents and Travel Clerks,0.233231711511463,0.582666666666667,0.461454545454545
435011,Cargo and Freight Agents,0.289938824188697,0.629333333333333,0.470424242424242
435021,Couriers and Messengers,0.46366460529586,0.541333333333333,0.340484848484849
435031,"Police, Fire, and Ambulance Dispatchers",0.267166933633586,0.641333333333333,0.490969696969697
435032,"Dispatchers, Except Police, Fire, and Ambulance",0.180725096957464,0.599333333333333,0.500242424242424
435041,"Meter Readers, Utilities",0.291693781702086,0.55,0.410848484848485
435051,Postal Service Clerks,0.337689085134105,0.608,0.433757575757576
435052,Postal Service Mail Carriers,0.181964113023713,0.474666666666667,0.39569696969697
435053,"Postal Service Mail Sorters, Processors, and Processing Machine Operators",0.515219202344767,0.525333333333333,0.313818181818182
435061,"Production, Planning, and Expediting Clerks",0.41322614570843,0.650666666666667,0.430424242424242
435071,"Shipping, Receiving, and Traffic Clerks",0.246133069538909,0.55,0.43
435081,Stock Clerks and Order Fillers,0.442332210414219,0.5275,0.339833333333333
435111,"Weighers, Measurers, Checkers, and Samplers, Recordkeeping",0.37252095238881,0.608,0.418909090909091
436011,Executive Secretaries and Executive Administrative Assistants,0.425358648627735,0.6,0.392121212121212
436012,Legal Secretaries,0.420769298372207,0.558666666666667,0.366787878787879
436013,Medical Secretaries,0.202199641482426,0.533333333333333,0.43569696969697
436014,"Secretaries and Administrative Assistants, Except Legal, Medical, and Executive",0.188659782796016,0.533333333333333,0.441636363636364
439011,Computer Operators,0.395461502318458,0.642,0.43230303030303
439021,Data Entry Keyers,0.278843123784576,0.550666666666667,0.416666666666667
439022,Word Processors and Typists,0.414482919347477,0.533333333333333,0.352363636363636
439031,Desktop Publishers,0.267085138361158,0.608666666666667,0.466
439041,Insurance Claims and Policy Processing Clerks,0.503259340113811,0.608333333333333,0.368333333333333
439051,"Mail Clerks and Mail Machine Operators, Except Postal Service",0.440621365092742,0.533333333333333,0.343272727272727
439061,"Office Clerks, General",0.383068445634938,0.583333333333333,0.39769696969697
439071,"Office Machine Operators, Except Computer",0.381296720785358,0.55,0.375636363636364
439081,Proofreaders and Copy Markers,0.419657994095397,0.524666666666667,0.344848484848485
439111,Statistical Assistants,0.570632647729769,0.770333333333333,0.435090909090909
451011,"First-Line Supervisors of Farming, Fishing, and Forestry Workers",0.303649144048462,0.669,0.495545454545455
452011,Agricultural Inspectors,0.386246404167783,0.684,0.464848484848485
452021,Animal Breeders,0.201847858635166,0.566666666666667,0.463090909090909
452041,"Graders and Sorters, Agricultural Products",0.144460910537466,0.425333333333333,0.368121212121212
452091,Agricultural Equipment Operators,0.149273702747754,0.5,0.430666666666667
452092,"Farmworkers and Laborers, Crop, Nursery, and Greenhouse",0.333791967293821,0.475666666666667,0.340545454545455
452093,"Farmworkers, Farm, Ranch, and Aquacultural Animals",0.187990410286242,0.574666666666667,0.476181818181818
454011,Forest and Conservation Workers,0.157307171461039,0.583333333333333,0.498424242424242
454021,Fallers,0.400746218071674,0.525333333333333,0.351878787878788
454022,Logging Equipment Operators,0.462039005060935,0.542666666666667,0.341878787878788
454023,Log Graders and Scalers,0.461503968752264,0.633333333333333,0.399212121212121
471011,First-Line Supervisors of Construction Trades and Extraction Workers,0.248296371550601,0.650333333333333,0.50730303030303
472011,Boilermakers,0.327188549708112,0.642,0.462848484848485
472021,Brickmasons and Blockmasons,0.335454572798559,0.583333333333333,0.417090909090909
472022,Stonemasons,0.33923215750106,0.567333333333333,0.404121212121212
472031,Carpenters,0.252782224491306,0.604,0.469121212121212
472041,Carpet Installers,0.325039295363378,0.584,0.421939393939394
472042,"Floor Layers, Except Carpet, Wood, and Hard Tiles",0.222309870565632,0.508666666666667,0.407272727272727
472043,Floor Sanders and Finishers,0.18394889645333,0.492,0.409333333333333
472044,Tile and Marble Setters,0.461543722239524,0.590666666666667,0.37230303030303
472051,Cement Masons and Concrete Finishers,0.359100721640407,0.575333333333333,0.401757575757576
472053,Terrazzo Workers and Finishers,0.151668913473709,0.5,0.429636363636364
472061,Construction Laborers,0.353975709277066,0.525333333333333,0.368727272727273
472071,"Paving, Surfacing, and Tamping Equipment Operators",0.209743991667826,0.516666666666667,0.418909090909091
472072,Pile-Driver Operators,0.18980758320478,0.549333333333333,0.454363636363636
472073,Operating Engineers and Other Construction Equipment Operators,0.346237631598018,0.541333333333333,0.382909090909091
472081,Drywall and Ceiling Tile Installers,0.23990217004003,0.550666666666667,0.433212121212121
472082,Tapers,0.326521905768045,0.466666666666667,0.336666666666667
472111,Electricians,0.385026065083765,0.7,0.47630303030303
472121,Glaziers,0.422919658972552,0.558666666666667,0.366
472131,"Insulation Workers, Floor, Ceiling, and Wall",0.279644630676177,0.490666666666667,0.370969696969697
472132,"Insulation Workers, Mechanical",0.221663042083909,0.542,0.434242424242424
472141,"Painters, Construction and Maintenance",0.061271137580902,0.533333333333333,0.501636363636364
472142,Paperhangers,0.124663505775365,0.509333333333333,0.449636363636364
472151,Pipelayers,0.120115298723296,0.533333333333333,0.472969696969697
472152,"Plumbers, Pipefitters, and Steamfitters",0.313308749812719,0.620666666666667,0.453878787878788
472161,Plasterers and Stucco Masons,0.212931938144013,0.516666666666667,0.417575757575758
472171,Reinforcing Iron and Rebar Workers,0.235434687898491,0.533333333333333,0.421454545454546
472181,Roofers,0.153601588181429,0.533333333333333,0.457393939393939
472211,Sheet Metal Workers,0.36144822269139,0.6,0.418
472221,Structural Iron and Steel Workers,0.306555104407416,0.55,0.404787878787879
472231,Solar Photovoltaic Installers,0.291164374287655,0.575333333333333,0.43
473011,"Helpers--Brickmasons, Blockmasons, Stonemasons, and Tile and Marble Setters",0.352948130907729,0.533333333333333,0.374727272727273
473012,Helpers--Carpenters,0.0879481833632561,0.541333333333333,0.495757575757576
473013,Helpers--Electricians,0.285411923917242,0.533333333333333,0.400909090909091
473014,"Helpers--Painters, Paperhangers, Plasterers, and Stucco Masons",0.274135551235583,0.434,0.329939393939394
473015,"Helpers--Pipelayers, Plumbers, Pipefitters, and Steamfitters",0.195326849247908,0.525333333333333,0.432121212121212
473016,Helpers--Roofers,0.160864445061731,0.525333333333333,0.447272727272727
474011,Construction and Building Inspectors,0.366767707568096,0.717333333333333,0.497090909090909
474021,Elevator Installers and Repairers,0.287490703204235,0.633333333333333,0.475090909090909
474031,Fence Erectors,0.0208612519577172,0.516666666666667,0.506
474041,Hazardous Materials Removal Workers,0.24445182753342,0.617333333333333,0.483454545454545
474051,Highway Maintenance Workers,0.143884849952882,0.541333333333333,0.468787878787879
474061,Rail-Track Laying and Maintenance Equipment Operators,0.152882728501068,0.549333333333333,0.471454545454546
474071,Septic Tank Servicers and Sewer Pipe Cleaners,0.178533506631562,0.549333333333333,0.459515151515152
475011,"Derrick Operators, Oil and Gas",0.354903591847871,0.600666666666667,0.421212121212121
475012,"Rotary Drill Operators, Oil and Gas",0.350411466816728,0.617333333333333,0.434848484848485
475013,"Service Unit Operators, Oil, Gas, and Mining",0.220567020841553,0.616666666666667,0.494606060606061
475021,"Earth Drillers, Except Oil and Gas",0.277121425993621,0.574666666666667,0.435575757575758
475031,"Explosives Workers, Ordnance Handling Experts, and Blasters",0.375640453121144,0.692666666666667,0.475757575757576
475041,Continuous Mining Machine Operators,0.233638421355808,0.541333333333333,0.428545454545455
475042,Mine Cutting and Channeling Machine Operators,0.532872782882158,0.592,0.347454545454545
475051,"Rock Splitters, Quarry",0.10534706566825,0.500666666666667,0.450606060606061
475061,"Roof Bolters, Mining",0.24359821393572,0.525333333333333,0.411757575757576
475071,"Roustabouts, Oil and Gas",0.211017325925828,0.525333333333333,0.425393939393939
475081,Helpers--Extraction Workers,0.257196798183973,0.558,0.431454545454545
491011,"First-Line Supervisors of Mechanics, Installers, and Repairers",0.229325951222527,0.708,0.562909090909091
492011,"Computer, Automated Teller, and Office Machine Repairers",0.392064479428417,0.541333333333333,0.365757575757576
492021,"Radio, Cellular, and Tower Equipment Installers and Repairers",0.203960183529535,0.629,0.512909090909091
492022,"Telecommunications Equipment Installers and Repairers, Except Line Installers",0.305881274842614,0.658666666666667,0.485090909090909
492091,Avionics Technicians,0.286749149536837,0.649333333333333,0.487454545454546
492092,"Electric Motor, Power Tool, and Related Repairers",0.396269191220665,0.616666666666667,0.414909090909091
492093,"Electrical and Electronics Installers and Repairers, Transportation Equipment",0.0700718802811025,0.566,0.52769696969697
492094,"Electrical and Electronics Repairers, Commercial and Industrial Equipment",0.33445608859604,0.666666666666667,0.477151515151515
492095,"Electrical and Electronics Repairers, Powerhouse, Substation, and Relay",0.202377804765886,0.608,0.496606060606061
492096,"Electronic Equipment Installers and Repairers, Motor Vehicles",0.367110499703163,0.624666666666667,0.432727272727273
492097,Electronic Home Entertainment Equipment Installers and Repairers,0.265063348318522,0.609333333333333,0.467454545454545
492098,Security and Fire Alarm Systems Installers,0.31674091311486,0.583333333333333,0.424969696969697
493011,Aircraft Mechanics and Service Technicians,0.366025438729101,0.649333333333333,0.45030303030303
493021,Automotive Body and Related Repairers,0.292771141959252,0.525333333333333,0.392
493022,Automotive Glass Installers and Repairers,0.234305663406747,0.517333333333333,0.409272727272727
493023,Automotive Service Technicians and Mechanics,0.388187628899704,0.625,0.424
493031,Bus and Truck Mechanics and Diesel Engine Specialists,0.26781521186025,0.592,0.452909090909091
493041,Farm Equipment Mechanics and Service Technicians,0.214271346205085,0.608666666666667,0.491272727272727
493042,"Mobile Heavy Equipment Mechanics, Except Engines",0.431614186623232,0.634,0.411757575757576
493043,Rail Car Repairers,0.247177868933653,0.549333333333333,0.429030303030303
493051,Motorboat Mechanics and Service Technicians,0.3056719419722,0.641333333333333,0.472424242424243
493052,Motorcycle Mechanics,0.38235211567178,0.624666666666667,0.426181818181818
493053,Outdoor Power Equipment and Other Small Engine Mechanics,0.115951868691668,0.558,0.496909090909091
493091,Bicycle Repairers,0.116091118002914,0.541333333333333,0.482
493092,Recreational Vehicle Service Technicians,0.38013808284833,0.575333333333333,0.393393939393939
493093,Tire Repairers and Changers,0.238603349630801,0.533333333333333,0.420121212121212
499011,Mechanical Door Repairers,0.299691454663012,0.55,0.407575757575758
499012,"Control and Valve Installers and Repairers, Except Mechanical Door",0.224573144123804,0.583333333333333,0.466
499021,"Heating, Air Conditioning, and Refrigeration Mechanics and Installers",0.298897676880134,0.658666666666667,0.488151515151515
499031,Home Appliance Repairers,0.226089061543967,0.566666666666667,0.452
499041,Industrial Machinery Mechanics,0.178560045116283,0.55,0.460060606060606
499043,"Maintenance Workers, Machinery",0.202451152003163,0.541333333333333,0.442121212121212
499044,Millwrights,0.262478982834028,0.634,0.487636363636364
499045,"Refractory Materials Repairers, Except Brickmasons",0.425455609475591,0.542,0.354181818181818
499051,Electrical Power-Line Installers and Repairers,0.406532913868995,0.624666666666667,0.416
499052,Telecommunications Line Installers and Repairers,0.15141148813215,0.541333333333333,0.465272727272727
499061,Camera and Photographic Equipment Repairers,0.300632046442207,0.574666666666667,0.425454545454546
499062,Medical Equipment Repairers,0.326167834684576,0.650666666666667,0.469575757575758
499063,Musical Instrument Repairers and Tuners,0.367954374891565,0.616,0.426363636363636
499064,Watch Repairers,0.194105808176879,0.517333333333333,0.426060606060606
499071,"Maintenance and Repair Workers, General",0.278014584994992,0.557333333333333,0.422060606060606
499081,Wind Turbine Service Technicians,0.243611770881186,0.608,0.476545454545455
499091,"Coin, Vending, and Amusement Machine Servicers and Repairers",0.295360787086247,0.549333333333333,0.408848484848485
499092,Commercial Divers,0.302616599681874,0.616,0.455151515151515
499093,"Fabric Menders, Except Garment",0.0961532317019458,0.474666666666667,0.431151515151515
499094,Locksmiths and Safe Repairers,0.218618319195591,0.608,0.488606060606061
499095,Manufactured Building and Mobile Home Installers,0.129815550654515,0.609333333333333,0.535151515151515
499096,Riggers,0.0275269285018646,0.5,0.486424242424243
499097,Signal and Track Switch Repairers,0.440176076150814,0.617333333333333,0.397515151515152
499098,"Helpers--Installation, Maintenance, and Repair Workers",0.133012046988336,0.533333333333333,0.466909090909091
499099,"Installation, Maintenance, and Repair Workers, All Other",0.267590016166506,0.65,0.497393939393939
511011,First-Line Supervisors of Production and Operating Workers,0.349052128518165,0.691333333333333,0.487636363636364
512011,"Aircraft Structure, Surfaces, Rigging, and Systems Assemblers",0.180953968420211,0.558,0.465636363636364
512021,"Coil Winders, Tapers, and Finishers",0.0586383317677151,0.508666666666667,0.47969696969697
512031,Engine and Other Machine Assemblers,0.275933179962698,0.533333333333333,0.404727272727273
512041,Structural Metal Fabricators and Fitters,0.225999016427344,0.542,0.432363636363636
512091,Fiberglass Laminators and Fabricators,0.196832935177147,0.558666666666667,0.458848484848485
512093,Timing Device Assemblers and Adjusters,0.470428632887032,0.542,0.338606060606061
513011,Bakers,0.204093246547627,0.542,0.441939393939394
513021,Butchers and Meat Cutters,0.350363732764378,0.533333333333333,0.37569696969697
513022,"Meat, Poultry, and Fish Cutters and Trimmers",-0.0570391034538379,0.508,0.537818181818182
513023,Slaughterers and Meat Packers,0.18181096193987,0.474666666666667,0.395757575757576
513091,"Food and Tobacco Roasting, Baking, and Drying Machine Operators and Tenders",0.283314049561396,0.475333333333333,0.358060606060606
513092,Food Batchmakers,0.311558737128128,0.542,0.396909090909091
513093,Food Cooking Machine Operators and Tenders,0.32051804308622,0.525333333333333,0.381272727272727
514011,"Computer-Controlled Machine Tool Operators, Metal and Plastic",0.2852925850544,0.608,0.457090909090909
514012,"Computer Numerically Controlled Machine Tool Programmers, Metal and Plastic",0.357974489280818,0.666666666666667,0.466060606060606
514021,"Extruding and Drawing Machine Setters, Operators, and Tenders, Metal and Plastic",0.395402272332787,0.533333333333333,0.359151515151515
514022,"Forging Machine Setters, Operators, and Tenders, Metal and Plastic",0.167166047939329,0.541333333333333,0.458
514023,"Rolling Machine Setters, Operators, and Tenders, Metal and Plastic",0.419813741378507,0.591333333333333,0.388606060606061
514031,"Cutting, Punching, and Press Machine Setters, Operators, and Tenders, Metal and Plastic",0.544911592224122,0.566666666666667,0.328606060606061
514032,"Drilling and Boring Machine Tool Setters, Operators, and Tenders, Metal and Plastic",0.356303069999711,0.558666666666667,0.391212121212121
514033,"Grinding, Lapping, Polishing, and Buffing Machine Tool Setters, Operators, and Tenders, Metal and Plastic",0.509494133837113,0.591333333333333,0.355272727272727
514034,"Lathe and Turning Machine Tool Setters, Operators, and Tenders, Metal and Plastic",0.330222216276042,0.541333333333333,0.389090909090909
514035,"Milling and Planing Machine Setters, Operators, and Tenders, Metal and Plastic",0.421265125173539,0.558666666666667,0.366606060606061
514041,Machinists,0.511622515928891,0.608666666666667,0.364909090909091
514051,Metal-Refining Furnace Operators and Tenders,0.288596502930863,0.574666666666667,0.430606060606061
514052,"Pourers and Casters, Metal",0.175084452719317,0.517333333333333,0.434242424242424
514061,"Model Makers, Metal and Plastic",0.482690382195263,0.582666666666667,0.359575757575758
514062,"Patternmakers, Metal and Plastic",0.42463157416146,0.566666666666667,0.370606060606061
514071,Foundry Mold and Coremakers,0.34294475112683,0.516666666666667,0.366666666666667
514072,"Molding, Coremaking, and Casting Machine Setters, Operators, and Tenders, Metal and Plastic",0.460593498279657,0.566666666666667,0.357515151515152
514081,"Multiple Machine Tool Setters, Operators, and Tenders, Metal and Plastic",0.294027552313543,0.549333333333333,0.409393939393939
514111,Tool and Die Makers,0.261246981246482,0.574666666666667,0.442545454545455
514121,"Welders, Cutters, Solderers, and Brazers",0.33818008883011,0.5,0.357575757575758
514122,"Welding, Soldering, and Brazing Machine Setters, Operators, and Tenders",0.378075068514353,0.55,0.376848484848485
514191,"Heat Treating Equipment Setters, Operators, and Tenders, Metal and Plastic",0.405880778902885,0.583333333333333,0.388727272727273
514192,"Layout Workers, Metal and Plastic",0.337306969312581,0.624666666666667,0.445818181818182
514193,"Plating and Coating Machine Setters, Operators, and Tenders, Metal and Plastic",0.0647809747695018,0.533333333333333,0.499878787878788
514194,"Tool Grinders, Filers, and Sharpeners",0.386957485452179,0.584,0.396606060606061
515111,Prepress Technicians and Workers,0.359888658541828,0.566666666666667,0.395393939393939
515112,Printing Press Operators,0.483438753111503,0.541333333333333,0.333818181818182
515113,Print Binding and Finishing Workers,0.389945882960564,0.558,0.377818181818182
516011,Laundry and Dry-Cleaning Workers,0.185646793263741,0.474666666666667,0.394242424242424
516021,"Pressers, Textile, Garment, and Related Materials",0.134530892957606,0.433333333333333,0.378787878787879
516031,Sewing Machine Operators,0.540645958435201,0.525333333333333,0.305939393939394
516041,Shoe and Leather Workers and Repairers,0.352309368057873,0.500666666666667,0.352
516042,Shoe Machine Operators and Tenders,0.213931195333769,0.517333333333333,0.41769696969697
516051,"Sewers, Hand",0.278647480718115,0.525333333333333,0.397575757575758
516052,"Tailors, Dressmakers, and Custom Sewers",0.146751326635407,0.474666666666667,0.409878787878788
516061,Textile Bleaching and Dyeing Machine Operators and Tenders,0.25300130269251,0.575333333333333,0.446727272727273
516062,"Textile Cutting Machine Setters, Operators, and Tenders",0.42497820648663,0.525333333333333,0.343454545454545
516063,"Textile Knitting and Weaving Machine Setters, Operators, and Tenders",0.254007669876549,0.450666666666667,0.349575757575758
516064,"Textile Winding, Twisting, and Drawing Out Machine Setters, Operators, and Tenders",0.229178644771509,0.508666666666667,0.404484848484849
516091,"Extruding and Forming Machine Setters, Operators, and Tenders, Synthetic and Glass Fibers",0.272837593180235,0.566,0.430848484848485
516092,Fabric and Apparel Patternmakers,0.510017099567286,0.699333333333333,0.419939393939394
516093,Upholsterers,0.453862097248636,0.558666666666667,0.354848484848485
517011,Cabinetmakers and Bench Carpenters,0.403648577181766,0.6,0.400727272727273
517021,Furniture Finishers,0.331937081455822,0.541333333333333,0.388424242424242
517031,"Model Makers, Wood",0.439871198099672,0.617333333333333,0.397636363636364
517032,"Patternmakers, Wood",0.432153284725185,0.575333333333333,0.373454545454545
517041,"Sawing Machine Setters, Operators, and Tenders, Wood",0.510825623765991,0.533333333333333,0.32
517042,"Woodworking Machine Setters, Operators, and Tenders, Except Sawing",0.443500552580956,0.525333333333333,0.337151515151515
518011,Nuclear Power Reactor Operators,0.509924824245558,0.717333333333333,0.430787878787879
518012,Power Distributors and Dispatchers,0.464706723394192,0.700666666666667,0.440242424242424
518013,Power Plant Operators,0.502993963570305,0.616666666666667,0.372909090909091
518021,Stationary Engineers and Boiler Operators,0.298627308179336,0.549333333333333,0.407515151515152
518031,Water and Wastewater Treatment Plant and System Operators,0.249320518602653,0.633333333333333,0.493575757575758
518091,Chemical Plant and System Operators,0.435265821013999,0.632666666666667,0.409393939393939
518092,Gas Plant Operators,0.276612557412495,0.575333333333333,0.43630303030303
518093,"Petroleum Pump System Operators, Refinery Operators, and Gaugers",0.495971271927307,0.650666666666667,0.396242424242424
518099,"Plant and System Operators, All Other",0.325688533395178,0.638888888888889,0.460060606060606
519011,Chemical Equipment Operators and Tenders,0.199453113429347,0.608,0.498060606060606
519012,"Separating, Filtering, Clarifying, Precipitating, and Still Machine Setters, Operators, and Tenders",0.331296873208854,0.574666666666667,0.412606060606061
519021,"Crushing, Grinding, and Polishing Machine Setters, Operators, and Tenders",0.317873852876713,0.574666666666667,0.418181818181818
519022,"Grinding and Polishing Workers, Hand",0.205209967895571,0.490666666666667,0.399636363636364
519023,"Mixing and Blending Machine Setters, Operators, and Tenders",0.283568176858722,0.558666666666667,0.420727272727273
519031,"Cutters and Trimmers, Hand",0.494350920930895,0.491333333333333,0.29969696969697
519032,"Cutting and Slicing Machine Setters, Operators, and Tenders",0.471937966402633,0.583333333333333,0.363878787878788
519041,"Extruding, Forming, Pressing, and Compacting Machine Setters, Operators, and Tenders",0.223360800934877,0.558,0.44630303030303
519051,"Furnace, Kiln, Oven, Drier, and Kettle Operators and Tenders",0.204706606583723,0.533333333333333,0.434606060606061
519061,"Inspectors, Testers, Sorters, Samplers, and Weighers",0.270402560246526,0.558666666666667,0.42630303030303
519071,Jewelers and Precious Stone and Metal Workers,0.34895953950794,0.580444444444445,0.409636363636364
519081,Dental Laboratory Technicians,0.115176413363623,0.566,0.504424242424243
519082,Medical Appliance Technicians,0.305336779338265,0.675333333333333,0.497636363636364
519083,Ophthalmic Laboratory Technicians,0.292248786923028,0.558666666666667,0.417090909090909
519111,Packaging and Filling Machine Operators and Tenders,0.139283284453603,0.525333333333333,0.457030303030303
519121,"Coating, Painting, and Spraying Machine Setters, Operators, and Tenders",0.510984498930165,0.508666666666667,0.305151515151515
519122,"Painters, Transportation Equipment",0.351493585196735,0.5,0.351818181818182
519123,"Painting, Coating, and Decorating Workers",0.380506455521545,0.5,0.341757575757576
519141,Semiconductor Processors,0.291897719436697,0.566666666666667,0.423212121212121
519151,Photographic Process Workers and Processing Machine Operators,0.452148402378411,0.583333333333333,0.371151515151515
519191,Adhesive Bonding Machine Operators and Tenders,0.322376729248182,0.574666666666667,0.41630303030303
519192,"Cleaning, Washing, and Metal Pickling Equipment Operators and Tenders",0.350460527253621,0.5,0.352181818181818
519193,Cooling and Freezing Equipment Operators and Tenders,0.308090944082988,0.592,0.435030303030303
519194,Etchers and Engravers,0.298191650563641,0.533333333333333,0.395818181818182
519195,"Molders, Shapers, and Casters, Except Metal and Plastic",0.238131958150649,0.548,0.433045454545455
519196,"Paper Goods Machine Setters, Operators, and Tenders",0.300687364905734,0.525333333333333,0.388909090909091
519197,Tire Builders,0.265591114637589,0.517333333333333,0.396666666666667
519198,Helpers--Production Workers,0.338810247038271,0.508666666666667,0.362484848484849
519199,"Production Workers, All Other",0.0557924061970573,0.474666666666667,0.448909090909091
531011,Aircraft Cargo Handling Supervisors,0.17400244837999,0.641333333333333,0.538909090909091
532011,"Airline Pilots, Copilots, and Flight Engineers",0.371043982471433,0.758,0.523030303030303
532012,Commercial Pilots,0.419173867219859,0.716666666666667,0.471272727272727
532021,Air Traffic Controllers,0.564599170847759,0.783333333333333,0.445393939393939
532022,Airfield Operations Specialists,0.300962000213698,0.675333333333333,0.499818181818182
532031,Flight Attendants,0.163941147674322,0.592,0.502484848484848
533011,"Ambulance Drivers and Attendants, Except Emergency Medical Technicians",0.158304692421671,0.558,0.47630303030303
533021,"Bus Drivers, Transit and Intercity",0.149527950040936,0.516666666666667,0.444909090909091
533022,"Bus Drivers, School or Special Client",0.261474313824431,0.517333333333333,0.39830303030303
533031,Driver/Sales Workers,0.323318486050507,0.566666666666667,0.410121212121212
533032,Heavy and Tractor-Trailer Truck Drivers,0.237477926428524,0.549333333333333,0.433212121212121
533033,Light Truck or Delivery Services Drivers,0.308823851664743,0.525333333333333,0.385757575757576
533041,Taxi Drivers and Chauffeurs,0.26530944484686,0.542,0.41569696969697
534011,Locomotive Engineers,0.395831075112891,0.616666666666667,0.415090909090909
534012,Locomotive Firers,0.343451077635573,0.533333333333333,0.37830303030303
534013,"Rail Yard Engineers, Dinkey Operators, and Hostlers",0.304216056226281,0.575333333333333,0.424424242424242
534021,"Railroad Brake, Signal, and Switch Operators",0.329585571487379,0.542,0.389818181818182
534031,Railroad Conductors and Yardmasters,0.278638808075998,0.609333333333333,0.461151515151515
534041,Subway and Streetcar Operators,0.409102269315743,0.626,0.415818181818182
535011,Sailors and Marine Oilers,0.327216266535921,0.582666666666667,0.420060606060606
535021,"Captains, Mates, and Pilots of Water Vessels",0.290750260878901,0.655777777777778,0.489272727272727
535022,Motorboat Operators,0.152226492202587,0.550666666666667,0.472909090909091
535031,Ship Engineers,0.311634926832813,0.633333333333333,0.463757575757576
536011,Bridge and Lock Tenders,0.257980727830174,0.517333333333333,0.39969696969697
536021,Parking Lot Attendants,0.39134072950717,0.566666666666667,0.383151515151515
536031,Automotive and Watercraft Service Attendants,0.19503006809735,0.55,0.452545454545455
536041,Traffic Technicians,0.32315380161374,0.675333333333333,0.488848484848485
536051,Transportation Inspectors,0.290070217949172,0.625333333333333,0.467555555555556
536061,"Transportation Attendants, Except Flight Attendants",0.375833694957259,0.575333333333333,0.395090909090909
537011,Conveyor Operators and Tenders,0.599774696994636,0.592,0.324969696969697
537021,Crane and Tower Operators,0.320271362639859,0.550666666666667,0.399757575757576
537031,Dredge Operators,0.25297221850926,0.491333333333333,0.381515151515152
537032,Excavating and Loading Machine and Dragline Operators,0.381843487052233,0.541333333333333,0.369515151515152
537033,"Loading Machine Operators, Underground Mining",0.142049602653433,0.492,0.426848484848485
537041,Hoist and Winch Operators,0.525566364254366,0.584,0.345272727272727
537051,Industrial Truck and Tractor Operators,0.264654050482588,0.524666666666667,0.402666666666667
537061,Cleaners of Vehicles and Equipment,0.142633397210667,0.458666666666667,0.39769696969697
537062,"Laborers and Freight, Stock, and Material Movers, Hand",0.460314648995888,0.516666666666667,0.326060606060606
537063,Machine Feeders and Offbearers,0.222567191164175,0.499333333333333,0.39969696969697
537064,"Packers and Packagers, Hand",0.111308255839813,0.474666666666667,0.424666666666667
537071,Gas Compressor and Gas Pumping Station Operators,0.129624289759714,0.557333333333333,0.489575757575758
537072,"Pump Operators, Except Wellhead Pumpers",0.327522506211745,0.6,0.432424242424242
537073,Wellhead Pumpers,0.317855823776358,0.557333333333333,0.405575757575758
537081,Refuse and Recyclable Material Collectors,0.135116430204745,0.492,0.429818181818182
537111,Mine Shuttle Car Operators,0.345631863487556,0.450666666666667,0.318969696969697
537121,"Tank Car, Truck, and Ship Loaders",0.348251666066248,0.550666666666667,0.388727272727273
